DV_ENC,1975,1,63.74
DV_ENC,1975,2,62.63
DV_ENC,1975,3,63.54
DV_ENC,1975,4,65.02
DV_ENC,1976,1,65.04
DV_ENC,1976,2,67.01
DV_ENC,1976,3,68.60
DV_ENC,1976,4,69.79
DV_ENC,1977,1,72.91
DV_ENC,1977,2,74.77
DV_ENC,1977,3,77.06
DV_ENC,1977,4,80.19
DV_ENC,1978,1,83.00
DV_ENC,1978,2,87.09
DV_ENC,1978,3,89.75
DV_ENC,1978,4,92.48
DV_ENC,1979,1,94.78
DV_ENC,1979,2,98.71
DV_ENC,1979,3,99.47
DV_ENC,1979,4,99.71
DV_ENC,1980,1,100.00
DV_ENC,1980,2,100.66
DV_ENC,1980,3,102.72
DV_ENC,1980,4,100.75
DV_ENC,1981,1,103.10
DV_ENC,1981,2,104.25
DV_ENC,1981,3,104.29
DV_ENC,1981,4,102.53
DV_ENC,1982,1,96.16
DV_ENC,1982,2,98.38
DV_ENC,1982,3,95.06
DV_ENC,1982,4,99.72
DV_ENC,1983,1,102.42
DV_ENC,1983,2,104.44
DV_ENC,1983,3,104.89
DV_ENC,1983,4,104.44
DV_ENC,1984,1,105.37
DV_ENC,1984,2,106.77
DV_ENC,1984,3,106.83
DV_ENC,1984,4,107.40
DV_ENC,1985,1,108.66
DV_ENC,1985,2,110.02
DV_ENC,1985,3,111.37
DV_ENC,1985,4,112.58
DV_ENC,1986,1,114.18
DV_ENC,1986,2,116.49
DV_ENC,1986,3,118.72
DV_ENC,1986,4,120.69
DV_ENC,1987,1,122.96
DV_ENC,1987,2,126.01
DV_ENC,1987,3,128.43
DV_ENC,1987,4,129.91
DV_ENC,1988,1,132.11
DV_ENC,1988,2,135.14
DV_ENC,1988,3,137.09
DV_ENC,1988,4,138.27
DV_ENC,1989,1,140.33
DV_ENC,1989,2,142.49
DV_ENC,1989,3,145.50
DV_ENC,1989,4,146.49
DV_ENC,1990,1,148.24
DV_ENC,1990,2,150.04
DV_ENC,1990,3,151.67
DV_ENC,1990,4,152.06
DV_ENC,1991,1,153.97
DV_ENC,1991,2,155.86
DV_ENC,1991,3,157.15
DV_ENC,1991,4,159.24
DV_ENC,1992,1,160.67
DV_ENC,1992,2,162.10
DV_ENC,1992,3,163.93
DV_ENC,1992,4,165.37
DV_ENC,1993,1,166.29
DV_ENC,1993,2,167.98
DV_ENC,1993,3,169.85
DV_ENC,1993,4,171.58
DV_ENC,1994,1,173.92
DV_ENC,1994,2,177.10
DV_ENC,1994,3,179.33
DV_ENC,1994,4,180.41
DV_ENC,1995,1,182.47
DV_ENC,1995,2,185.80
DV_ENC,1995,3,188.76
DV_ENC,1995,4,191.11
DV_ENC,1996,1,193.49
DV_ENC,1996,2,195.91
DV_ENC,1996,3,198.06
DV_ENC,1996,4,200.30
DV_ENC,1997,1,202.60
DV_ENC,1997,2,204.93
DV_ENC,1997,3,207.78
DV_ENC,1997,4,210.24
DV_ENC,1998,1,212.33
DV_ENC,1998,2,214.60
DV_ENC,1998,3,217.27
DV_ENC,1998,4,219.13
DV_ENC,1999,1,221.79
DV_ENC,1999,2,224.67
DV_ENC,1999,3,227.25
DV_ENC,1999,4,229.16
DV_ENC,2000,1,233.21
DV_ENC,2000,2,236.08
DV_ENC,2000,3,239.63
DV_ENC,2000,4,242.57
DV_ENC,2001,1,246.61
DV_ENC,2001,2,249.74
DV_ENC,2001,3,252.87
DV_ENC,2001,4,255.02
DV_ENC,2002,1,258.14
DV_ENC,2002,2,260.89
DV_ENC,2002,3,263.66
DV_ENC,2002,4,265.61
DV_ENC,2003,1,267.89
DV_ENC,2003,2,270.01
DV_ENC,2003,3,272.81
DV_ENC,2003,4,278.15
DV_ENC,2004,1,280.23
DV_ENC,2004,2,283.43
DV_ENC,2004,3,289.11
DV_ENC,2004,4,292.47
DV_ENC,2005,1,296.05
DV_ENC,2005,2,299.68
DV_ENC,2005,3,303.87
DV_ENC,2005,4,305.52
DV_ENC,2006,1,306.44
DV_ENC,2006,2,305.33
DV_ENC,2006,3,305.55
DV_ENC,2006,4,307.94
DV_ENC,2007,1,308.09
DV_ENC,2007,2,306.11
DV_ENC,2007,3,301.94
DV_ENC,2007,4,302.13
DV_ENC,2008,1,302.44
DV_ENC,2008,2,295.96
DV_ENC,2008,3,287.59
DV_ENC,2008,4,286.81
DV_ENC,2009,1,290.18
DV_ENC,2009,2,282.64
DV_ENC,2009,3,274.57
DV_ENC,2009,4,272.59
DV_ENC,2010,1,268.51
DV_ENC,2010,2,266.09
DV_ENC,2010,3,269.63
DV_ENC,2010,4,268.46
DV_ENC,2011,1,260.01
DV_ENC,2011,2,255.87
DV_ENC,2011,3,259.12
DV_ENC,2011,4,260.11
DV_ENC,2012,1,256.69
DV_ENC,2012,2,254.98
DV_ENC,2012,3,258.13
DV_ENC,2012,4,258.93
DV_ENC,2013,1,258.82
DV_ENC,2013,2,260.73
DV_ENC,2013,3,262.76
DV_ENC,2013,4,263.27
DV_ENC,2014,1,264.02
DV_ENC,2014,2,269.70
DV_ENC,2014,3,273.58
DV_ENC,2014,4,275.01
DV_ENC,2015,1,277.10
DV_ENC,2015,2,281.11
DV_ENC,2015,3,283.69
DV_ENC,2015,4,285.00
DV_ENC,2016,1,286.50
DV_ENC,2016,2,291.51
DV_ENC,2016,3,296.46
DV_ENC,2016,4,297.53
DV_ENC,2017,1,299.00
DV_ENC,2017,2,305.77
DV_ENC,2017,3,310.31
DV_ENC,2017,4,311.53
DV_ENC,2018,1,315.29
DV_ENC,2018,2,321.43
DV_ENC,2018,3,325.28
DV_ENC,2018,4,326.01
DV_ENC,2019,1,329.71
DV_ENC,2019,2,335.90
DV_ENC,2019,3,340.22
DV_ENC,2019,4,342.79
DV_ENC,2020,1,346.13
DV_ENC,2020,2,349.17
DV_ENC,2020,3,355.92
DV_ENC,2020,4,363.12
DV_ENC,2021,1,369.37
DV_ENC,2021,2,388.71
DV_ENC,2021,3,407.11
DV_ENC,2021,4,417.19
DV_ENC,2022,1,429.12
DV_ENC,2022,2,457.79
DV_ENC,2022,3,465.41
DV_ENC,2022,4,460.69
DV_ESC,1975,1,69.28
DV_ESC,1975,2,68.73
DV_ESC,1975,3,69.40
DV_ESC,1975,4,70.15
DV_ESC,1976,1,71.71
DV_ESC,1976,2,70.44
DV_ESC,1976,3,71.81
DV_ESC,1976,4,74.44
DV_ESC,1977,1,74.83
DV_ESC,1977,2,77.63
DV_ESC,1977,3,79.89
DV_ESC,1977,4,82.45
DV_ESC,1978,1,84.75
DV_ESC,1978,2,85.23
DV_ESC,1978,3,90.44
DV_ESC,1978,4,91.99
DV_ESC,1979,1,95.17
DV_ESC,1979,2,96.75
DV_ESC,1979,3,99.33
DV_ESC,1979,4,99.31
DV_ESC,1980,1,100.00
DV_ESC,1980,2,100.53
DV_ESC,1980,3,103.43
DV_ESC,1980,4,104.32
DV_ESC,1981,1,101.22
DV_ESC,1981,2,108.84
DV_ESC,1981,3,108.51
DV_ESC,1981,4,101.17
DV_ESC,1982,1,107.16
DV_ESC,1982,2,104.55
DV_ESC,1982,3,107.22
DV_ESC,1982,4,109.28
DV_ESC,1983,1,112.31
DV_ESC,1983,2,112.71
DV_ESC,1983,3,113.57
DV_ESC,1983,4,113.94
DV_ESC,1984,1,116.80
DV_ESC,1984,2,116.91
DV_ESC,1984,3,116.13
DV_ESC,1984,4,118.66
DV_ESC,1985,1,120.74
DV_ESC,1985,2,122.51
DV_ESC,1985,3,123.97
DV_ESC,1985,4,125.27
DV_ESC,1986,1,127.10
DV_ESC,1986,2,129.21
DV_ESC,1986,3,130.01
DV_ESC,1986,4,132.12
DV_ESC,1987,1,134.42
DV_ESC,1987,2,135.79
DV_ESC,1987,3,136.46
DV_ESC,1987,4,136.61
DV_ESC,1988,1,138.30
DV_ESC,1988,2,139.43
DV_ESC,1988,3,139.49
DV_ESC,1988,4,139.71
DV_ESC,1989,1,139.63
DV_ESC,1989,2,141.45
DV_ESC,1989,3,143.37
DV_ESC,1989,4,143.61
DV_ESC,1990,1,143.92
DV_ESC,1990,2,144.12
DV_ESC,1990,3,144.72
DV_ESC,1990,4,144.30
DV_ESC,1991,1,146.13
DV_ESC,1991,2,146.99
DV_ESC,1991,3,147.58
DV_ESC,1991,4,150.09
DV_ESC,1992,1,151.42
DV_ESC,1992,2,151.65
DV_ESC,1992,3,154.18
DV_ESC,1992,4,154.87
DV_ESC,1993,1,155.66
DV_ESC,1993,2,157.68
DV_ESC,1993,3,159.74
DV_ESC,1993,4,161.29
DV_ESC,1994,1,163.21
DV_ESC,1994,2,165.88
DV_ESC,1994,3,167.50
DV_ESC,1994,4,168.84
DV_ESC,1995,1,170.52
DV_ESC,1995,2,173.76
DV_ESC,1995,3,176.37
DV_ESC,1995,4,178.31
DV_ESC,1996,1,180.76
DV_ESC,1996,2,181.85
DV_ESC,1996,3,183.64
DV_ESC,1996,4,185.37
DV_ESC,1997,1,187.54
DV_ESC,1997,2,188.85
DV_ESC,1997,3,191.41
DV_ESC,1997,4,193.97
DV_ESC,1998,1,196.77
DV_ESC,1998,2,198.70
DV_ESC,1998,3,200.97
DV_ESC,1998,4,203.35
DV_ESC,1999,1,205.03
DV_ESC,1999,2,206.42
DV_ESC,1999,3,207.51
DV_ESC,1999,4,208.60
DV_ESC,2000,1,210.51
DV_ESC,2000,2,212.05
DV_ESC,2000,3,214.16
DV_ESC,2000,4,216.42
DV_ESC,2001,1,221.78
DV_ESC,2001,2,223.10
DV_ESC,2001,3,224.79
DV_ESC,2001,4,227.10
DV_ESC,2002,1,228.10
DV_ESC,2002,2,228.79
DV_ESC,2002,3,232.08
DV_ESC,2002,4,234.37
DV_ESC,2003,1,236.23
DV_ESC,2003,2,238.19
DV_ESC,2003,3,239.82
DV_ESC,2003,4,242.24
DV_ESC,2004,1,244.57
DV_ESC,2004,2,246.86
DV_ESC,2004,3,250.45
DV_ESC,2004,4,254.16
DV_ESC,2005,1,256.88
DV_ESC,2005,2,262.06
DV_ESC,2005,3,267.19
DV_ESC,2005,4,271.37
DV_ESC,2006,1,275.63
DV_ESC,2006,2,280.15
DV_ESC,2006,3,283.71
DV_ESC,2006,4,288.47
DV_ESC,2007,1,291.17
DV_ESC,2007,2,293.63
DV_ESC,2007,3,293.83
DV_ESC,2007,4,296.49
DV_ESC,2008,1,297.78
DV_ESC,2008,2,296.67
DV_ESC,2008,3,292.65
DV_ESC,2008,4,294.39
DV_ESC,2009,1,296.55
DV_ESC,2009,2,293.55
DV_ESC,2009,3,287.67
DV_ESC,2009,4,286.22
DV_ESC,2010,1,283.25
DV_ESC,2010,2,280.83
DV_ESC,2010,3,284.66
DV_ESC,2010,4,282.90
DV_ESC,2011,1,276.70
DV_ESC,2011,2,273.87
DV_ESC,2011,3,276.44
DV_ESC,2011,4,277.75
DV_ESC,2012,1,275.62
DV_ESC,2012,2,274.26
DV_ESC,2012,3,276.73
DV_ESC,2012,4,276.99
DV_ESC,2013,1,276.37
DV_ESC,2013,2,277.48
DV_ESC,2013,3,277.58
DV_ESC,2013,4,277.27
DV_ESC,2014,1,278.68
DV_ESC,2014,2,281.91
DV_ESC,2014,3,284.33
DV_ESC,2014,4,287.04
DV_ESC,2015,1,289.67
DV_ESC,2015,2,291.95
DV_ESC,2015,3,295.10
DV_ESC,2015,4,297.38
DV_ESC,2016,1,299.43
DV_ESC,2016,2,304.05
DV_ESC,2016,3,308.19
DV_ESC,2016,4,310.62
DV_ESC,2017,1,312.92
DV_ESC,2017,2,318.17
DV_ESC,2017,3,322.77
DV_ESC,2017,4,325.17
DV_ESC,2018,1,329.41
DV_ESC,2018,2,334.17
DV_ESC,2018,3,337.66
DV_ESC,2018,4,339.84
DV_ESC,2019,1,344.23
DV_ESC,2019,2,349.74
DV_ESC,2019,3,354.76
DV_ESC,2019,4,358.13
DV_ESC,2020,1,362.84
DV_ESC,2020,2,366.64
DV_ESC,2020,3,373.59
DV_ESC,2020,4,381.54
DV_ESC,2021,1,389.95
DV_ESC,2021,2,409.66
DV_ESC,2021,3,433.71
DV_ESC,2021,4,451.59
DV_ESC,2022,1,468.04
DV_ESC,2022,2,498.34
DV_ESC,2022,3,513.48
DV_ESC,2022,4,515.91
DV_MA,1975,1,71.83
DV_MA,1975,2,69.16
DV_MA,1975,3,71.76
DV_MA,1975,4,72.37
DV_MA,1976,1,70.25
DV_MA,1976,2,72.65
DV_MA,1976,3,73.71
DV_MA,1976,4,71.33
DV_MA,1977,1,73.41
DV_MA,1977,2,77.50
DV_MA,1977,3,78.12
DV_MA,1977,4,80.40
DV_MA,1978,1,80.56
DV_MA,1978,2,83.94
DV_MA,1978,3,82.98
DV_MA,1978,4,84.21
DV_MA,1979,1,92.35
DV_MA,1979,2,94.23
DV_MA,1979,3,94.60
DV_MA,1979,4,97.49
DV_MA,1980,1,100.00
DV_MA,1980,2,101.82
DV_MA,1980,3,106.74
DV_MA,1980,4,106.06
DV_MA,1981,1,106.60
DV_MA,1981,2,106.35
DV_MA,1981,3,109.84
DV_MA,1981,4,107.79
DV_MA,1982,1,111.97
DV_MA,1982,2,113.60
DV_MA,1982,3,112.83
DV_MA,1982,4,114.77
DV_MA,1983,1,117.12
DV_MA,1983,2,120.17
DV_MA,1983,3,124.08
DV_MA,1983,4,128.43
DV_MA,1984,1,130.36
DV_MA,1984,2,135.28
DV_MA,1984,3,139.11
DV_MA,1984,4,142.69
DV_MA,1985,1,146.70
DV_MA,1985,2,152.37
DV_MA,1985,3,157.16
DV_MA,1985,4,162.02
DV_MA,1986,1,167.41
DV_MA,1986,2,174.94
DV_MA,1986,3,182.83
DV_MA,1986,4,190.53
DV_MA,1987,1,198.33
DV_MA,1987,2,206.47
DV_MA,1987,3,215.87
DV_MA,1987,4,221.02
DV_MA,1988,1,225.81
DV_MA,1988,2,231.75
DV_MA,1988,3,234.87
DV_MA,1988,4,235.77
DV_MA,1989,1,236.65
DV_MA,1989,2,236.98
DV_MA,1989,3,240.21
DV_MA,1989,4,241.67
DV_MA,1990,1,241.11
DV_MA,1990,2,238.96
DV_MA,1990,3,237.91
DV_MA,1990,4,235.67
DV_MA,1991,1,235.98
DV_MA,1991,2,236.90
DV_MA,1991,3,236.35
DV_MA,1991,4,239.31
DV_MA,1992,1,242.04
DV_MA,1992,2,240.07
DV_MA,1992,3,242.42
DV_MA,1992,4,244.02
DV_MA,1993,1,242.00
DV_MA,1993,2,245.33
DV_MA,1993,3,245.47
DV_MA,1993,4,247.02
DV_MA,1994,1,245.98
DV_MA,1994,2,243.64
DV_MA,1994,3,241.89
DV_MA,1994,4,238.73
DV_MA,1995,1,237.97
DV_MA,1995,2,241.70
DV_MA,1995,3,245.79
DV_MA,1995,4,246.13
DV_MA,1996,1,249.70
DV_MA,1996,2,247.58
DV_MA,1996,3,246.41
DV_MA,1996,4,246.88
DV_MA,1997,1,247.92
DV_MA,1997,2,249.24
DV_MA,1997,3,251.67
DV_MA,1997,4,254.22
DV_MA,1998,1,259.08
DV_MA,1998,2,260.27
DV_MA,1998,3,262.06
DV_MA,1998,4,265.23
DV_MA,1999,1,267.44
DV_MA,1999,2,270.57
DV_MA,1999,3,275.61
DV_MA,1999,4,278.85
DV_MA,2000,1,283.16
DV_MA,2000,2,289.64
DV_MA,2000,3,296.11
DV_MA,2000,4,300.27
DV_MA,2001,1,307.41
DV_MA,2001,2,313.95
DV_MA,2001,3,321.04
DV_MA,2001,4,326.27
DV_MA,2002,1,333.48
DV_MA,2002,2,342.71
DV_MA,2002,3,352.09
DV_MA,2002,4,359.27
DV_MA,2003,1,365.53
DV_MA,2003,2,372.31
DV_MA,2003,3,380.04
DV_MA,2003,4,395.75
DV_MA,2004,1,403.53
DV_MA,2004,2,415.10
DV_MA,2004,3,435.89
DV_MA,2004,4,446.45
DV_MA,2005,1,457.66
DV_MA,2005,2,474.06
DV_MA,2005,3,490.22
DV_MA,2005,4,501.82
DV_MA,2006,1,510.94
DV_MA,2006,2,515.04
DV_MA,2006,3,517.74
DV_MA,2006,4,523.25
DV_MA,2007,1,526.17
DV_MA,2007,2,525.53
DV_MA,2007,3,520.17
DV_MA,2007,4,521.14
DV_MA,2008,1,522.82
DV_MA,2008,2,513.05
DV_MA,2008,3,501.13
DV_MA,2008,4,497.81
DV_MA,2009,1,501.75
DV_MA,2009,2,491.01
DV_MA,2009,3,480.09
DV_MA,2009,4,476.94
DV_MA,2010,1,473.94
DV_MA,2010,2,471.01
DV_MA,2010,3,476.52
DV_MA,2010,4,475.79
DV_MA,2011,1,467.64
DV_MA,2011,2,460.43
DV_MA,2011,3,459.52
DV_MA,2011,4,461.65
DV_MA,2012,1,457.40
DV_MA,2012,2,453.32
DV_MA,2012,3,455.43
DV_MA,2012,4,456.71
DV_MA,2013,1,457.01
DV_MA,2013,2,458.24
DV_MA,2013,3,459.99
DV_MA,2013,4,459.53
DV_MA,2014,1,460.24
DV_MA,2014,2,465.43
DV_MA,2014,3,470.39
DV_MA,2014,4,472.29
DV_MA,2015,1,476.86
DV_MA,2015,2,480.40
DV_MA,2015,3,483.03
DV_MA,2015,4,483.71
DV_MA,2016,1,486.17
DV_MA,2016,2,493.44
DV_MA,2016,3,499.22
DV_MA,2016,4,501.81
DV_MA,2017,1,501.61
DV_MA,2017,2,510.12
DV_MA,2017,3,518.01
DV_MA,2017,4,520.82
DV_MA,2018,1,525.97
DV_MA,2018,2,532.26
DV_MA,2018,3,538.61
DV_MA,2018,4,538.82
DV_MA,2019,1,543.88
DV_MA,2019,2,553.08
DV_MA,2019,3,560.97
DV_MA,2019,4,565.64
DV_MA,2020,1,571.56
DV_MA,2020,2,576.52
DV_MA,2020,3,586.98
DV_MA,2020,4,598.78
DV_MA,2021,1,613.18
DV_MA,2021,2,638.79
DV_MA,2021,3,670.39
DV_MA,2021,4,687.04
DV_MA,2022,1,706.46
DV_MA,2022,2,748.44
DV_MA,2022,3,763.54
DV_MA,2022,4,763.12
DV_MT,1975,1,56.53
DV_MT,1975,2,56.74
DV_MT,1975,3,56.14
DV_MT,1975,4,55.75
DV_MT,1976,1,57.63
DV_MT,1976,2,62.16
DV_MT,1976,3,61.78
DV_MT,1976,4,62.75
DV_MT,1977,1,66.31
DV_MT,1977,2,67.80
DV_MT,1977,3,70.89
DV_MT,1977,4,74.01
DV_MT,1978,1,77.61
DV_MT,1978,2,80.10
DV_MT,1978,3,83.79
DV_MT,1978,4,86.74
DV_MT,1979,1,91.36
DV_MT,1979,2,94.88
DV_MT,1979,3,96.80
DV_MT,1979,4,99.31
DV_MT,1980,1,100.00
DV_MT,1980,2,99.67
DV_MT,1980,3,105.56
DV_MT,1980,4,105.47
DV_MT,1981,1,106.28
DV_MT,1981,2,109.65
DV_MT,1981,3,113.55
DV_MT,1981,4,111.94
DV_MT,1982,1,110.21
DV_MT,1982,2,115.18
DV_MT,1982,3,114.20
DV_MT,1982,4,118.45
DV_MT,1983,1,120.38
DV_MT,1983,2,119.72
DV_MT,1983,3,119.10
DV_MT,1983,4,117.75
DV_MT,1984,1,121.07
DV_MT,1984,2,121.18
DV_MT,1984,3,121.71
DV_MT,1984,4,121.03
DV_MT,1985,1,122.88
DV_MT,1985,2,122.67
DV_MT,1985,3,124.15
DV_MT,1985,4,123.80
DV_MT,1986,1,126.83
DV_MT,1986,2,127.92
DV_MT,1986,3,127.69
DV_MT,1986,4,126.80
DV_MT,1987,1,128.79
DV_MT,1987,2,127.49
DV_MT,1987,3,125.12
DV_MT,1987,4,123.32
DV_MT,1988,1,124.74
DV_MT,1988,2,125.02
DV_MT,1988,3,124.52
DV_MT,1988,4,124.40
DV_MT,1989,1,124.23
DV_MT,1989,2,125.12
DV_MT,1989,3,127.34
DV_MT,1989,4,127.57
DV_MT,1990,1,127.96
DV_MT,1990,2,128.95
DV_MT,1990,3,130.90
DV_MT,1990,4,130.64
DV_MT,1991,1,132.51
DV_MT,1991,2,134.20
DV_MT,1991,3,134.97
DV_MT,1991,4,138.02
DV_MT,1992,1,139.71
DV_MT,1992,2,141.10
DV_MT,1992,3,143.31
DV_MT,1992,4,145.72
DV_MT,1993,1,147.30
DV_MT,1993,2,150.51
DV_MT,1993,3,153.59
DV_MT,1993,4,156.81
DV_MT,1994,1,160.15
DV_MT,1994,2,165.32
DV_MT,1994,3,168.57
DV_MT,1994,4,170.21
DV_MT,1995,1,172.61
DV_MT,1995,2,176.36
DV_MT,1995,3,179.95
DV_MT,1995,4,182.30
DV_MT,1996,1,184.84
DV_MT,1996,2,185.72
DV_MT,1996,3,187.25
DV_MT,1996,4,189.15
DV_MT,1997,1,191.05
DV_MT,1997,2,192.32
DV_MT,1997,3,195.22
DV_MT,1997,4,198.01
DV_MT,1998,1,200.42
DV_MT,1998,2,201.72
DV_MT,1998,3,204.08
DV_MT,1998,4,206.18
DV_MT,1999,1,208.09
DV_MT,1999,2,210.55
DV_MT,1999,3,212.93
DV_MT,1999,4,214.56
DV_MT,2000,1,218.76
DV_MT,2000,2,221.23
DV_MT,2000,3,224.47
DV_MT,2000,4,227.96
DV_MT,2001,1,233.33
DV_MT,2001,2,236.51
DV_MT,2001,3,239.44
DV_MT,2001,4,241.72
DV_MT,2002,1,244.24
DV_MT,2002,2,246.80
DV_MT,2002,3,250.78
DV_MT,2002,4,253.04
DV_MT,2003,1,255.33
DV_MT,2003,2,257.89
DV_MT,2003,3,261.02
DV_MT,2003,4,267.19
DV_MT,2004,1,271.71
DV_MT,2004,2,279.57
DV_MT,2004,3,291.54
DV_MT,2004,4,299.09
DV_MT,2005,1,308.68
DV_MT,2005,2,325.03
DV_MT,2005,3,340.30
DV_MT,2005,4,353.52
DV_MT,2006,1,362.42
DV_MT,2006,2,370.08
DV_MT,2006,3,375.81
DV_MT,2006,4,381.25
DV_MT,2007,1,383.64
DV_MT,2007,2,384.00
DV_MT,2007,3,380.51
DV_MT,2007,4,378.46
DV_MT,2008,1,373.28
DV_MT,2008,2,361.22
DV_MT,2008,3,344.56
DV_MT,2008,4,339.17
DV_MT,2009,1,340.23
DV_MT,2009,2,325.64
DV_MT,2009,3,312.53
DV_MT,2009,4,307.28
DV_MT,2010,1,300.86
DV_MT,2010,2,294.26
DV_MT,2010,3,295.77
DV_MT,2010,4,291.37
DV_MT,2011,1,279.10
DV_MT,2011,2,269.72
DV_MT,2011,3,272.04
DV_MT,2011,4,275.13
DV_MT,2012,1,273.57
DV_MT,2012,2,273.96
DV_MT,2012,3,280.60
DV_MT,2012,4,285.65
DV_MT,2013,1,290.35
DV_MT,2013,2,298.91
DV_MT,2013,3,306.99
DV_MT,2013,4,312.30
DV_MT,2014,1,316.63
DV_MT,2014,2,323.46
DV_MT,2014,3,328.94
DV_MT,2014,4,332.92
DV_MT,2015,1,337.27
DV_MT,2015,2,345.31
DV_MT,2015,3,353.34
DV_MT,2015,4,357.89
DV_MT,2016,1,362.47
DV_MT,2016,2,370.84
DV_MT,2016,3,378.70
DV_MT,2016,4,383.55
DV_MT,2017,1,388.89
DV_MT,2017,2,399.60
DV_MT,2017,3,407.99
DV_MT,2017,4,413.26
DV_MT,2018,1,422.55
DV_MT,2018,2,433.80
DV_MT,2018,3,442.55
DV_MT,2018,4,447.08
DV_MT,2019,1,452.45
DV_MT,2019,2,461.64
DV_MT,2019,3,467.97
DV_MT,2019,4,474.12
DV_MT,2020,1,481.37
DV_MT,2020,2,488.10
DV_MT,2020,3,498.87
DV_MT,2020,4,513.60
DV_MT,2021,1,532.53
DV_MT,2021,2,572.97
DV_MT,2021,3,614.64
DV_MT,2021,4,639.16
DV_MT,2022,1,666.46
DV_MT,2022,2,716.05
DV_MT,2022,3,720.21
DV_MT,2022,4,703.90
DV_NE,1975,1,61.87
DV_NE,1975,2,63.88
DV_NE,1975,3,61.99
DV_NE,1975,4,63.51
DV_NE,1976,1,65.44
DV_NE,1976,2,65.44
DV_NE,1976,3,69.03
DV_NE,1976,4,69.02
DV_NE,1977,1,71.00
DV_NE,1977,2,70.76
DV_NE,1977,3,73.42
DV_NE,1977,4,74.65
DV_NE,1978,1,77.60
DV_NE,1978,2,81.14
DV_NE,1978,3,86.19
DV_NE,1978,4,87.83
DV_NE,1979,1,93.36
DV_NE,1979,2,95.17
DV_NE,1979,3,97.48
DV_NE,1979,4,100.28
DV_NE,1980,1,100.00
DV_NE,1980,2,102.66
DV_NE,1980,3,106.03
DV_NE,1980,4,105.75
DV_NE,1981,1,108.39
DV_NE,1981,2,112.87
DV_NE,1981,3,114.00
DV_NE,1981,4,112.60
DV_NE,1982,1,117.88
DV_NE,1982,2,118.98
DV_NE,1982,3,118.63
DV_NE,1982,4,120.87
DV_NE,1983,1,123.99
DV_NE,1983,2,127.76
DV_NE,1983,3,132.91
DV_NE,1983,4,137.35
DV_NE,1984,1,142.19
DV_NE,1984,2,147.89
DV_NE,1984,3,154.91
DV_NE,1984,4,157.93
DV_NE,1985,1,164.89
DV_NE,1985,2,174.66
DV_NE,1985,3,182.66
DV_NE,1985,4,193.36
DV_NE,1986,1,200.24
DV_NE,1986,2,210.09
DV_NE,1986,3,221.76
DV_NE,1986,4,234.17
DV_NE,1987,1,244.09
DV_NE,1987,2,253.58
DV_NE,1987,3,263.58
DV_NE,1987,4,269.49
DV_NE,1988,1,274.11
DV_NE,1988,2,278.60
DV_NE,1988,3,279.38
DV_NE,1988,4,280.80
DV_NE,1989,1,279.32
DV_NE,1989,2,279.03
DV_NE,1989,3,282.56
DV_NE,1989,4,283.07
DV_NE,1990,1,279.20
DV_NE,1990,2,271.81
DV_NE,1990,3,267.96
DV_NE,1990,4,262.73
DV_NE,1991,1,260.10
DV_NE,1991,2,257.82
DV_NE,1991,3,254.58
DV_NE,1991,4,256.83
DV_NE,1992,1,256.89
DV_NE,1992,2,252.96
DV_NE,1992,3,253.89
DV_NE,1992,4,254.42
DV_NE,1993,1,251.93
DV_NE,1993,2,253.52
DV_NE,1993,3,253.65
DV_NE,1993,4,255.06
DV_NE,1994,1,254.59
DV_NE,1994,2,250.29
DV_NE,1994,3,248.52
DV_NE,1994,4,246.09
DV_NE,1995,1,246.79
DV_NE,1995,2,250.75
DV_NE,1995,3,255.32
DV_NE,1995,4,256.58
DV_NE,1996,1,259.99
DV_NE,1996,2,258.25
DV_NE,1996,3,257.69
DV_NE,1996,4,260.22
DV_NE,1997,1,261.92
DV_NE,1997,2,264.13
DV_NE,1997,3,267.82
DV_NE,1997,4,271.23
DV_NE,1998,1,275.70
DV_NE,1998,2,278.78
DV_NE,1998,3,283.75
DV_NE,1998,4,287.81
DV_NE,1999,1,292.23
DV_NE,1999,2,298.91
DV_NE,1999,3,307.87
DV_NE,1999,4,313.25
DV_NE,2000,1,323.15
DV_NE,2000,2,332.72
DV_NE,2000,3,342.70
DV_NE,2000,4,349.80
DV_NE,2001,1,358.58
DV_NE,2001,2,368.19
DV_NE,2001,3,379.54
DV_NE,2001,4,386.51
DV_NE,2002,1,396.69
DV_NE,2002,2,410.19
DV_NE,2002,3,422.02
DV_NE,2002,4,431.09
DV_NE,2003,1,438.73
DV_NE,2003,2,445.97
DV_NE,2003,3,456.72
DV_NE,2003,4,476.05
DV_NE,2004,1,484.53
DV_NE,2004,2,498.36
DV_NE,2004,3,523.62
DV_NE,2004,4,533.56
DV_NE,2005,1,546.53
DV_NE,2005,2,561.63
DV_NE,2005,3,574.31
DV_NE,2005,4,581.90
DV_NE,2006,1,585.88
DV_NE,2006,2,583.73
DV_NE,2006,3,582.37
DV_NE,2006,4,585.88
DV_NE,2007,1,585.59
DV_NE,2007,2,579.50
DV_NE,2007,3,571.74
DV_NE,2007,4,572.10
DV_NE,2008,1,571.20
DV_NE,2008,2,556.00
DV_NE,2008,3,540.72
DV_NE,2008,4,538.76
DV_NE,2009,1,540.97
DV_NE,2009,2,526.11
DV_NE,2009,3,514.94
DV_NE,2009,4,513.54
DV_NE,2010,1,509.35
DV_NE,2010,2,505.63
DV_NE,2010,3,510.15
DV_NE,2010,4,510.14
DV_NE,2011,1,500.73
DV_NE,2011,2,492.67
DV_NE,2011,3,495.05
DV_NE,2011,4,497.47
DV_NE,2012,1,492.12
DV_NE,2012,2,488.51
DV_NE,2012,3,490.81
DV_NE,2012,4,492.62
DV_NE,2013,1,492.87
DV_NE,2013,2,494.19
DV_NE,2013,3,496.62
DV_NE,2013,4,496.08
DV_NE,2014,1,497.68
DV_NE,2014,2,504.91
DV_NE,2014,3,510.65
DV_NE,2014,4,512.02
DV_NE,2015,1,517.36
DV_NE,2015,2,522.49
DV_NE,2015,3,526.29
DV_NE,2015,4,528.02
DV_NE,2016,1,531.54
DV_NE,2016,2,537.68
DV_NE,2016,3,546.16
DV_NE,2016,4,549.65
DV_NE,2017,1,550.26
DV_NE,2017,2,560.79
DV_NE,2017,3,568.13
DV_NE,2017,4,572.17
DV_NE,2018,1,576.89
DV_NE,2018,2,585.73
DV_NE,2018,3,592.48
DV_NE,2018,4,592.70
DV_NE,2019,1,598.37
DV_NE,2019,2,608.78
DV_NE,2019,3,616.28
DV_NE,2019,4,621.77
DV_NE,2020,1,627.50
DV_NE,2020,2,634.71
DV_NE,2020,3,647.59
DV_NE,2020,4,664.39
DV_NE,2021,1,681.26
DV_NE,2021,2,718.82
DV_NE,2021,3,760.34
DV_NE,2021,4,779.54
DV_NE,2022,1,801.41
DV_NE,2022,2,856.28
DV_NE,2022,3,872.02
DV_NE,2022,4,864.82
DV_PAC,1975,1,43.72
DV_PAC,1975,2,44.45
DV_PAC,1975,3,46.34
DV_PAC,1975,4,47.09
DV_PAC,1976,1,49.27
DV_PAC,1976,2,51.64
DV_PAC,1976,3,54.78
DV_PAC,1976,4,56.76
DV_PAC,1977,1,59.18
DV_PAC,1977,2,63.54
DV_PAC,1977,3,68.33
DV_PAC,1977,4,71.25
DV_PAC,1978,1,73.88
DV_PAC,1978,2,77.13
DV_PAC,1978,3,80.07
DV_PAC,1978,4,83.36
DV_PAC,1979,1,86.23
DV_PAC,1979,2,90.05
DV_PAC,1979,3,93.95
DV_PAC,1979,4,96.90
DV_PAC,1980,1,100.00
DV_PAC,1980,2,101.82
DV_PAC,1980,3,105.50
DV_PAC,1980,4,106.66
DV_PAC,1981,1,107.15
DV_PAC,1981,2,109.93
DV_PAC,1981,3,111.98
DV_PAC,1981,4,110.80
DV_PAC,1982,1,103.20
DV_PAC,1982,2,106.06
DV_PAC,1982,3,104.67
DV_PAC,1982,4,114.51
DV_PAC,1983,1,115.44
DV_PAC,1983,2,116.25
DV_PAC,1983,3,116.08
DV_PAC,1983,4,116.38
DV_PAC,1984,1,118.06
DV_PAC,1984,2,118.61
DV_PAC,1984,3,119.83
DV_PAC,1984,4,121.08
DV_PAC,1985,1,122.27
DV_PAC,1985,2,123.57
DV_PAC,1985,3,125.69
DV_PAC,1985,4,126.78
DV_PAC,1986,1,128.34
DV_PAC,1986,2,130.37
DV_PAC,1986,3,132.58
DV_PAC,1986,4,134.94
DV_PAC,1987,1,137.96
DV_PAC,1987,2,140.57
DV_PAC,1987,3,143.72
DV_PAC,1987,4,146.58
DV_PAC,1988,1,151.68
DV_PAC,1988,2,156.68
DV_PAC,1988,3,163.34
DV_PAC,1988,4,170.54
DV_PAC,1989,1,177.76
DV_PAC,1989,2,185.21
DV_PAC,1989,3,195.05
DV_PAC,1989,4,201.78
DV_PAC,1990,1,206.67
DV_PAC,1990,2,210.59
DV_PAC,1990,3,213.60
DV_PAC,1990,4,213.30
DV_PAC,1991,1,214.57
DV_PAC,1991,2,214.48
DV_PAC,1991,3,215.05
DV_PAC,1991,4,217.35
DV_PAC,1992,1,217.13
DV_PAC,1992,2,216.08
DV_PAC,1992,3,216.75
DV_PAC,1992,4,216.03
DV_PAC,1993,1,214.03
DV_PAC,1993,2,213.50
DV_PAC,1993,3,213.13
DV_PAC,1993,4,213.04
DV_PAC,1994,1,212.48
DV_PAC,1994,2,210.09
DV_PAC,1994,3,208.62
DV_PAC,1994,4,206.59
DV_PAC,1995,1,206.37
DV_PAC,1995,2,208.72
DV_PAC,1995,3,211.45
DV_PAC,1995,4,211.82
DV_PAC,1996,1,212.42
DV_PAC,1996,2,210.76
DV_PAC,1996,3,210.80
DV_PAC,1996,4,212.15
DV_PAC,1997,1,213.34
DV_PAC,1997,2,215.42
DV_PAC,1997,3,219.58
DV_PAC,1997,4,223.05
DV_PAC,1998,1,227.53
DV_PAC,1998,2,231.75
DV_PAC,1998,3,237.05
DV_PAC,1998,4,240.89
DV_PAC,1999,1,243.94
DV_PAC,1999,2,247.72
DV_PAC,1999,3,252.16
DV_PAC,1999,4,256.36
DV_PAC,2000,1,265.39
DV_PAC,2000,2,271.09
DV_PAC,2000,3,278.46
DV_PAC,2000,4,285.58
DV_PAC,2001,1,295.53
DV_PAC,2001,2,303.03
DV_PAC,2001,3,308.48
DV_PAC,2001,4,312.25
DV_PAC,2002,1,319.34
DV_PAC,2002,2,328.16
DV_PAC,2002,3,338.36
DV_PAC,2002,4,346.18
DV_PAC,2003,1,352.91
DV_PAC,2003,2,358.69
DV_PAC,2003,3,368.87
DV_PAC,2003,4,388.69
DV_PAC,2004,1,399.46
DV_PAC,2004,2,420.93
DV_PAC,2004,3,457.13
DV_PAC,2004,4,472.74
DV_PAC,2005,1,491.86
DV_PAC,2005,2,519.87
DV_PAC,2005,3,545.72
DV_PAC,2005,4,569.81
DV_PAC,2006,1,583.97
DV_PAC,2006,2,593.49
DV_PAC,2006,3,599.52
DV_PAC,2006,4,600.14
DV_PAC,2007,1,597.03
DV_PAC,2007,2,591.80
DV_PAC,2007,3,576.02
DV_PAC,2007,4,560.05
DV_PAC,2008,1,537.21
DV_PAC,2008,2,503.06
DV_PAC,2008,3,471.73
DV_PAC,2008,4,458.68
DV_PAC,2009,1,454.89
DV_PAC,2009,2,434.96
DV_PAC,2009,3,424.11
DV_PAC,2009,4,423.31
DV_PAC,2010,1,419.10
DV_PAC,2010,2,416.86
DV_PAC,2010,3,418.57
DV_PAC,2010,4,413.57
DV_PAC,2011,1,399.10
DV_PAC,2011,2,391.87
DV_PAC,2011,3,393.63
DV_PAC,2011,4,393.26
DV_PAC,2012,1,388.50
DV_PAC,2012,2,387.94
DV_PAC,2012,3,396.50
DV_PAC,2012,4,403.94
DV_PAC,2013,1,410.81
DV_PAC,2013,2,426.59
DV_PAC,2013,3,444.18
DV_PAC,2013,4,456.05
DV_PAC,2014,1,464.14
DV_PAC,2014,2,476.72
DV_PAC,2014,3,486.52
DV_PAC,2014,4,491.80
DV_PAC,2015,1,497.58
DV_PAC,2015,2,509.59
DV_PAC,2015,3,522.80
DV_PAC,2015,4,530.29
DV_PAC,2016,1,538.32
DV_PAC,2016,2,550.16
DV_PAC,2016,3,563.24
DV_PAC,2016,4,570.19
DV_PAC,2017,1,576.69
DV_PAC,2017,2,590.74
DV_PAC,2017,3,603.16
DV_PAC,2017,4,611.10
DV_PAC,2018,1,621.72
DV_PAC,2018,2,635.38
DV_PAC,2018,3,642.96
DV_PAC,2018,4,643.34
DV_PAC,2019,1,648.70
DV_PAC,2019,2,656.71
DV_PAC,2019,3,663.94
DV_PAC,2019,4,668.94
DV_PAC,2020,1,675.98
DV_PAC,2020,2,684.25
DV_PAC,2020,3,693.52
DV_PAC,2020,4,708.73
DV_PAC,2021,1,728.69
DV_PAC,2021,2,774.11
DV_PAC,2021,3,815.58
DV_PAC,2021,4,846.44
DV_PAC,2022,1,881.05
DV_PAC,2022,2,937.44
DV_PAC,2022,3,933.34
DV_PAC,2022,4,911.53
DV_SA,1975,1,65.18
DV_SA,1975,2,70.07
DV_SA,1975,3,68.25
DV_SA,1975,4,68.53
DV_SA,1976,1,67.92
DV_SA,1976,2,71.45
DV_SA,1976,3,71.40
DV_SA,1976,4,71.51
DV_SA,1977,1,72.92
DV_SA,1977,2,76.51
DV_SA,1977,3,75.98
DV_SA,1977,4,78.67
DV_SA,1978,1,81.30
DV_SA,1978,2,83.13
DV_SA,1978,3,85.16
DV_SA,1978,4,86.76
DV_SA,1979,1,89.43
DV_SA,1979,2,92.10
DV_SA,1979,3,94.38
DV_SA,1979,4,96.96
DV_SA,1980,1,100.00
DV_SA,1980,2,100.96
DV_SA,1980,3,104.29
DV_SA,1980,4,106.22
DV_SA,1981,1,108.14
DV_SA,1981,2,108.84
DV_SA,1981,3,109.18
DV_SA,1981,4,109.10
DV_SA,1982,1,107.26
DV_SA,1982,2,114.98
DV_SA,1982,3,108.86
DV_SA,1982,4,114.40
DV_SA,1983,1,118.93
DV_SA,1983,2,119.40
DV_SA,1983,3,121.10
DV_SA,1983,4,121.15
DV_SA,1984,1,123.98
DV_SA,1984,2,125.65
DV_SA,1984,3,125.82
DV_SA,1984,4,126.60
DV_SA,1985,1,129.20
DV_SA,1985,2,130.10
DV_SA,1985,3,131.96
DV_SA,1985,4,133.03
DV_SA,1986,1,135.48
DV_SA,1986,2,138.14
DV_SA,1986,3,140.01
DV_SA,1986,4,141.88
DV_SA,1987,1,143.95
DV_SA,1987,2,146.38
DV_SA,1987,3,148.59
DV_SA,1987,4,150.11
DV_SA,1988,1,152.36
DV_SA,1988,2,155.74
DV_SA,1988,3,157.48
DV_SA,1988,4,158.78
DV_SA,1989,1,160.52
DV_SA,1989,2,162.20
DV_SA,1989,3,164.73
DV_SA,1989,4,165.82
DV_SA,1990,1,166.47
DV_SA,1990,2,166.33
DV_SA,1990,3,167.40
DV_SA,1990,4,166.45
DV_SA,1991,1,167.93
DV_SA,1991,2,169.03
DV_SA,1991,3,168.71
DV_SA,1991,4,171.46
DV_SA,1992,1,172.72
DV_SA,1992,2,172.22
DV_SA,1992,3,174.73
DV_SA,1992,4,175.24
DV_SA,1993,1,175.41
DV_SA,1993,2,176.98
DV_SA,1993,3,178.38
DV_SA,1993,4,179.64
DV_SA,1994,1,180.25
DV_SA,1994,2,180.56
DV_SA,1994,3,181.14
DV_SA,1994,4,181.45
DV_SA,1995,1,182.23
DV_SA,1995,2,184.85
DV_SA,1995,3,187.70
DV_SA,1995,4,189.35
DV_SA,1996,1,191.56
DV_SA,1996,2,191.48
DV_SA,1996,3,192.24
DV_SA,1996,4,193.75
DV_SA,1997,1,195.57
DV_SA,1997,2,196.68
DV_SA,1997,3,199.18
DV_SA,1997,4,202.00
DV_SA,1998,1,205.13
DV_SA,1998,2,205.91
DV_SA,1998,3,208.55
DV_SA,1998,4,211.11
DV_SA,1999,1,213.13
DV_SA,1999,2,215.24
DV_SA,1999,3,217.77
DV_SA,1999,4,219.85
DV_SA,2000,1,223.19
DV_SA,2000,2,226.65
DV_SA,2000,3,230.47
DV_SA,2000,4,234.20
DV_SA,2001,1,240.32
DV_SA,2001,2,244.54
DV_SA,2001,3,248.65
DV_SA,2001,4,252.57
DV_SA,2002,1,256.16
DV_SA,2002,2,261.05
DV_SA,2002,3,266.73
DV_SA,2002,4,270.74
DV_SA,2003,1,274.41
DV_SA,2003,2,278.56
DV_SA,2003,3,283.10
DV_SA,2003,4,291.43
DV_SA,2004,1,297.66
DV_SA,2004,2,305.94
DV_SA,2004,3,318.45
DV_SA,2004,4,327.92
DV_SA,2005,1,338.70
DV_SA,2005,2,353.31
DV_SA,2005,3,368.43
DV_SA,2005,4,380.05
DV_SA,2006,1,389.17
DV_SA,2006,2,395.13
DV_SA,2006,3,399.17
DV_SA,2006,4,404.82
DV_SA,2007,1,406.40
DV_SA,2007,2,406.12
DV_SA,2007,3,400.32
DV_SA,2007,4,398.52
DV_SA,2008,1,393.75
DV_SA,2008,2,381.47
DV_SA,2008,3,365.91
DV_SA,2008,4,358.98
DV_SA,2009,1,363.40
DV_SA,2009,2,351.75
DV_SA,2009,3,338.76
DV_SA,2009,4,333.41
DV_SA,2010,1,328.24
DV_SA,2010,2,322.65
DV_SA,2010,3,325.97
DV_SA,2010,4,322.49
DV_SA,2011,1,311.67
DV_SA,2011,2,303.47
DV_SA,2011,3,306.08
DV_SA,2011,4,307.79
DV_SA,2012,1,302.47
DV_SA,2012,2,299.57
DV_SA,2012,3,304.07
DV_SA,2012,4,306.53
DV_SA,2013,1,307.67
DV_SA,2013,2,313.02
DV_SA,2013,3,316.67
DV_SA,2013,4,319.81
DV_SA,2014,1,322.57
DV_SA,2014,2,328.96
DV_SA,2014,3,333.77
DV_SA,2014,4,337.06
DV_SA,2015,1,342.14
DV_SA,2015,2,347.98
DV_SA,2015,3,352.23
DV_SA,2015,4,356.16
DV_SA,2016,1,360.01
DV_SA,2016,2,367.20
DV_SA,2016,3,374.43
DV_SA,2016,4,377.71
DV_SA,2017,1,380.52
DV_SA,2017,2,389.42
DV_SA,2017,3,394.71
DV_SA,2017,4,398.92
DV_SA,2018,1,405.71
DV_SA,2018,2,413.05
DV_SA,2018,3,418.12
DV_SA,2018,4,420.11
DV_SA,2019,1,425.87
DV_SA,2019,2,433.13
DV_SA,2019,3,438.96
DV_SA,2019,4,443.55
DV_SA,2020,1,449.66
DV_SA,2020,2,454.37
DV_SA,2020,3,462.32
DV_SA,2020,4,472.69
DV_SA,2021,1,485.49
DV_SA,2021,2,512.82
DV_SA,2021,3,544.49
DV_SA,2021,4,568.92
DV_SA,2022,1,594.85
DV_SA,2022,2,639.40
DV_SA,2022,3,658.57
DV_SA,2022,4,659.00
DV_WNC,1975,1,60.87
DV_WNC,1975,2,63.47
DV_WNC,1975,3,62.09
DV_WNC,1975,4,63.38
DV_WNC,1976,1,65.61
DV_WNC,1976,2,69.16
DV_WNC,1976,3,68.13
DV_WNC,1976,4,68.43
DV_WNC,1977,1,71.03
DV_WNC,1977,2,75.75
DV_WNC,1977,3,76.84
DV_WNC,1977,4,79.19
DV_WNC,1978,1,80.99
DV_WNC,1978,2,87.14
DV_WNC,1978,3,88.30
DV_WNC,1978,4,89.95
DV_WNC,1979,1,93.82
DV_WNC,1979,2,97.41
DV_WNC,1979,3,98.61
DV_WNC,1979,4,99.29
DV_WNC,1980,1,100.00
DV_WNC,1980,2,104.91
DV_WNC,1980,3,103.72
DV_WNC,1980,4,103.12
DV_WNC,1981,1,100.23
DV_WNC,1981,2,100.73
DV_WNC,1981,3,100.95
DV_WNC,1981,4,103.67
DV_WNC,1982,1,98.19
DV_WNC,1982,2,100.53
DV_WNC,1982,3,100.61
DV_WNC,1982,4,105.69
DV_WNC,1983,1,107.16
DV_WNC,1983,2,110.09
DV_WNC,1983,3,109.52
DV_WNC,1983,4,110.17
DV_WNC,1984,1,112.18
DV_WNC,1984,2,113.14
DV_WNC,1984,3,114.66
DV_WNC,1984,4,114.34
DV_WNC,1985,1,115.31
DV_WNC,1985,2,116.75
DV_WNC,1985,3,117.40
DV_WNC,1985,4,118.54
DV_WNC,1986,1,120.15
DV_WNC,1986,2,120.70
DV_WNC,1986,3,122.28
DV_WNC,1986,4,123.01
DV_WNC,1987,1,124.94
DV_WNC,1987,2,126.29
DV_WNC,1987,3,126.78
DV_WNC,1987,4,126.01
DV_WNC,1988,1,126.89
DV_WNC,1988,2,128.54
DV_WNC,1988,3,129.26
DV_WNC,1988,4,129.27
DV_WNC,1989,1,130.06
DV_WNC,1989,2,131.42
DV_WNC,1989,3,132.89
DV_WNC,1989,4,133.51
DV_WNC,1990,1,133.93
DV_WNC,1990,2,134.51
DV_WNC,1990,3,135.29
DV_WNC,1990,4,135.00
DV_WNC,1991,1,136.58
DV_WNC,1991,2,137.77
DV_WNC,1991,3,138.27
DV_WNC,1991,4,140.10
DV_WNC,1992,1,141.08
DV_WNC,1992,2,142.03
DV_WNC,1992,3,143.67
DV_WNC,1992,4,144.62
DV_WNC,1993,1,145.51
DV_WNC,1993,2,147.03
DV_WNC,1993,3,148.97
DV_WNC,1993,4,150.52
DV_WNC,1994,1,152.41
DV_WNC,1994,2,155.86
DV_WNC,1994,3,158.06
DV_WNC,1994,4,158.59
DV_WNC,1995,1,160.29
DV_WNC,1995,2,163.09
DV_WNC,1995,3,165.39
DV_WNC,1995,4,167.15
DV_WNC,1996,1,169.01
DV_WNC,1996,2,170.90
DV_WNC,1996,3,172.60
DV_WNC,1996,4,174.08
DV_WNC,1997,1,175.70
DV_WNC,1997,2,177.76
DV_WNC,1997,3,180.28
DV_WNC,1997,4,182.38
DV_WNC,1998,1,184.63
DV_WNC,1998,2,186.31
DV_WNC,1998,3,189.04
DV_WNC,1998,4,190.95
DV_WNC,1999,1,193.25
DV_WNC,1999,2,196.98
DV_WNC,1999,3,199.78
DV_WNC,1999,4,201.50
DV_WNC,2000,1,205.17
DV_WNC,2000,2,208.50
DV_WNC,2000,3,212.02
DV_WNC,2000,4,214.52
DV_WNC,2001,1,218.91
DV_WNC,2001,2,222.46
DV_WNC,2001,3,225.95
DV_WNC,2001,4,228.33
DV_WNC,2002,1,231.70
DV_WNC,2002,2,234.94
DV_WNC,2002,3,238.33
DV_WNC,2002,4,240.94
DV_WNC,2003,1,243.13
DV_WNC,2003,2,245.15
DV_WNC,2003,3,248.70
DV_WNC,2003,4,254.47
DV_WNC,2004,1,256.99
DV_WNC,2004,2,260.64
DV_WNC,2004,3,266.45
DV_WNC,2004,4,269.91
DV_WNC,2005,1,273.79
DV_WNC,2005,2,278.27
DV_WNC,2005,3,282.91
DV_WNC,2005,4,285.37
DV_WNC,2006,1,286.76
DV_WNC,2006,2,287.82
DV_WNC,2006,3,289.71
DV_WNC,2006,4,292.30
DV_WNC,2007,1,293.92
DV_WNC,2007,2,294.50
DV_WNC,2007,3,292.40
DV_WNC,2007,4,292.83
DV_WNC,2008,1,294.26
DV_WNC,2008,2,290.18
DV_WNC,2008,3,285.54
DV_WNC,2008,4,286.05
DV_WNC,2009,1,289.28
DV_WNC,2009,2,285.09
DV_WNC,2009,3,279.32
DV_WNC,2009,4,277.84
DV_WNC,2010,1,275.24
DV_WNC,2010,2,274.32
DV_WNC,2010,3,278.01
DV_WNC,2010,4,276.52
DV_WNC,2011,1,270.33
DV_WNC,2011,2,266.69
DV_WNC,2011,3,269.90
DV_WNC,2011,4,271.76
DV_WNC,2012,1,269.56
DV_WNC,2012,2,268.49
DV_WNC,2012,3,271.44
DV_WNC,2012,4,272.98
DV_WNC,2013,1,273.51
DV_WNC,2013,2,275.63
DV_WNC,2013,3,278.35
DV_WNC,2013,4,278.47
DV_WNC,2014,1,279.28
DV_WNC,2014,2,284.47
DV_WNC,2014,3,287.47
DV_WNC,2014,4,289.03
DV_WNC,2015,1,290.82
DV_WNC,2015,2,294.78
DV_WNC,2015,3,298.36
DV_WNC,2015,4,300.07
DV_WNC,2016,1,301.94
DV_WNC,2016,2,306.82
DV_WNC,2016,3,311.62
DV_WNC,2016,4,313.10
DV_WNC,2017,1,315.09
DV_WNC,2017,2,322.18
DV_WNC,2017,3,326.09
DV_WNC,2017,4,327.62
DV_WNC,2018,1,331.61
DV_WNC,2018,2,337.74
DV_WNC,2018,3,340.93
DV_WNC,2018,4,342.40
DV_WNC,2019,1,345.56
DV_WNC,2019,2,351.65
DV_WNC,2019,3,355.51
DV_WNC,2019,4,358.51
DV_WNC,2020,1,362.30
DV_WNC,2020,2,364.81
DV_WNC,2020,3,371.16
DV_WNC,2020,4,378.12
DV_WNC,2021,1,384.10
DV_WNC,2021,2,405.56
DV_WNC,2021,3,424.16
DV_WNC,2021,4,433.82
DV_WNC,2022,1,446.14
DV_WNC,2022,2,476.48
DV_WNC,2022,3,481.75
DV_WNC,2022,4,477.56
DV_WSC,1975,1,55.13
DV_WSC,1975,2,57.04
DV_WSC,1975,3,55.69
DV_WSC,1975,4,58.09
DV_WSC,1976,1,58.66
DV_WSC,1976,2,62.69
DV_WSC,1976,3,62.45
DV_WSC,1976,4,63.51
DV_WSC,1977,1,65.70
DV_WSC,1977,2,69.46
DV_WSC,1977,3,68.79
DV_WSC,1977,4,72.71
DV_WSC,1978,1,75.65
DV_WSC,1978,2,78.28
DV_WSC,1978,3,81.25
DV_WSC,1978,4,84.78
DV_WSC,1979,1,89.28
DV_WSC,1979,2,92.52
DV_WSC,1979,3,95.50
DV_WSC,1979,4,97.34
DV_WSC,1980,1,100.00
DV_WSC,1980,2,102.44
DV_WSC,1980,3,103.75
DV_WSC,1980,4,105.03
DV_WSC,1981,1,105.21
DV_WSC,1981,2,109.59
DV_WSC,1981,3,113.06
DV_WSC,1981,4,111.62
DV_WSC,1982,1,117.59
DV_WSC,1982,2,117.18
DV_WSC,1982,3,117.44
DV_WSC,1982,4,119.25
DV_WSC,1983,1,122.82
DV_WSC,1983,2,123.74
DV_WSC,1983,3,123.77
DV_WSC,1983,4,124.16
DV_WSC,1984,1,123.17
DV_WSC,1984,2,123.80
DV_WSC,1984,3,124.75
DV_WSC,1984,4,124.28
DV_WSC,1985,1,122.84
DV_WSC,1985,2,123.33
DV_WSC,1985,3,123.78
DV_WSC,1985,4,122.20
DV_WSC,1986,1,124.86
DV_WSC,1986,2,126.66
DV_WSC,1986,3,123.80
DV_WSC,1986,4,122.20
DV_WSC,1987,1,122.46
DV_WSC,1987,2,119.82
DV_WSC,1987,3,115.00
DV_WSC,1987,4,112.16
DV_WSC,1988,1,111.58
DV_WSC,1988,2,113.03
DV_WSC,1988,3,110.91
DV_WSC,1988,4,110.18
DV_WSC,1989,1,110.63
DV_WSC,1989,2,111.43
DV_WSC,1989,3,113.41
DV_WSC,1989,4,113.01
DV_WSC,1990,1,112.80
DV_WSC,1990,2,113.65
DV_WSC,1990,3,114.29
DV_WSC,1990,4,113.75
DV_WSC,1991,1,114.89
DV_WSC,1991,2,116.26
DV_WSC,1991,3,116.65
DV_WSC,1991,4,118.26
DV_WSC,1992,1,119.86
DV_WSC,1992,2,119.71
DV_WSC,1992,3,121.63
DV_WSC,1992,4,122.26
DV_WSC,1993,1,122.79
DV_WSC,1993,2,124.30
DV_WSC,1993,3,125.96
DV_WSC,1993,4,127.37
DV_WSC,1994,1,128.39
DV_WSC,1994,2,129.37
DV_WSC,1994,3,129.80
DV_WSC,1994,4,129.50
DV_WSC,1995,1,129.85
DV_WSC,1995,2,132.29
DV_WSC,1995,3,134.05
DV_WSC,1995,4,134.90
DV_WSC,1996,1,136.47
DV_WSC,1996,2,136.71
DV_WSC,1996,3,137.14
DV_WSC,1996,4,137.99
DV_WSC,1997,1,138.84
DV_WSC,1997,2,139.83
DV_WSC,1997,3,141.25
DV_WSC,1997,4,143.08
DV_WSC,1998,1,145.20
DV_WSC,1998,2,146.21
DV_WSC,1998,3,148.47
DV_WSC,1998,4,150.16
DV_WSC,1999,1,151.37
DV_WSC,1999,2,153.65
DV_WSC,1999,3,155.75
DV_WSC,1999,4,157.00
DV_WSC,2000,1,159.11
DV_WSC,2000,2,161.26
DV_WSC,2000,3,163.47
DV_WSC,2000,4,165.23
DV_WSC,2001,1,169.69
DV_WSC,2001,2,171.66
DV_WSC,2001,3,173.09
DV_WSC,2001,4,174.97
DV_WSC,2002,1,175.63
DV_WSC,2002,2,177.07
DV_WSC,2002,3,179.83
DV_WSC,2002,4,181.90
DV_WSC,2003,1,183.00
DV_WSC,2003,2,184.43
DV_WSC,2003,3,185.43
DV_WSC,2003,4,187.08
DV_WSC,2004,1,188.46
DV_WSC,2004,2,190.59
DV_WSC,2004,3,192.50
DV_WSC,2004,4,195.01
DV_WSC,2005,1,196.37
DV_WSC,2005,2,199.82
DV_WSC,2005,3,203.30
DV_WSC,2005,4,206.35
DV_WSC,2006,1,209.22
DV_WSC,2006,2,212.68
DV_WSC,2006,3,215.73
DV_WSC,2006,4,218.67
DV_WSC,2007,1,221.37
DV_WSC,2007,2,224.30
DV_WSC,2007,3,225.28
DV_WSC,2007,4,226.83
DV_WSC,2008,1,227.88
DV_WSC,2008,2,228.38
DV_WSC,2008,3,227.02
DV_WSC,2008,4,227.51
DV_WSC,2009,1,230.29
DV_WSC,2009,2,228.55
DV_WSC,2009,3,226.17
DV_WSC,2009,4,225.83
DV_WSC,2010,1,224.13
DV_WSC,2010,2,224.14
DV_WSC,2010,3,225.75
DV_WSC,2010,4,224.89
DV_WSC,2011,1,221.39
DV_WSC,2011,2,220.41
DV_WSC,2011,3,221.78
DV_WSC,2011,4,222.77
DV_WSC,2012,1,222.52
DV_WSC,2012,2,223.35
DV_WSC,2012,3,225.58
DV_WSC,2012,4,226.93
DV_WSC,2013,1,228.06
DV_WSC,2013,2,231.22
DV_WSC,2013,3,234.20
DV_WSC,2013,4,235.83
DV_WSC,2014,1,239.04
DV_WSC,2014,2,243.57
DV_WSC,2014,3,247.53
DV_WSC,2014,4,249.95
DV_WSC,2015,1,253.09
DV_WSC,2015,2,258.09
DV_WSC,2015,3,262.75
DV_WSC,2015,4,264.60
DV_WSC,2016,1,267.38
DV_WSC,2016,2,273.06
DV_WSC,2016,3,277.61
DV_WSC,2016,4,279.86
DV_WSC,2017,1,282.85
DV_WSC,2017,2,289.53
DV_WSC,2017,3,293.28
DV_WSC,2017,4,295.52
DV_WSC,2018,1,298.59
DV_WSC,2018,2,303.79
DV_WSC,2018,3,307.09
DV_WSC,2018,4,308.09
DV_WSC,2019,1,311.64
DV_WSC,2019,2,316.32
DV_WSC,2019,3,320.07
DV_WSC,2019,4,322.49
DV_WSC,2020,1,325.99
DV_WSC,2020,2,328.49
DV_WSC,2020,3,333.09
DV_WSC,2020,4,340.23
DV_WSC,2021,1,347.34
DV_WSC,2021,2,365.71
DV_WSC,2021,3,386.76
DV_WSC,2021,4,401.78
DV_WSC,2022,1,418.55
DV_WSC,2022,2,447.10
DV_WSC,2022,3,456.35
DV_WSC,2022,4,454.67
USA,1975,1,60.06
USA,1975,2,61.00
USA,1975,3,61.19
USA,1975,4,62.24
USA,1976,1,62.89
USA,1976,2,65.45
USA,1976,3,66.54
USA,1976,4,67.24
USA,1977,1,69.49
USA,1977,2,72.73
USA,1977,3,74.36
USA,1977,4,77.19
USA,1978,1,79.58
USA,1978,2,82.73
USA,1978,3,85.16
USA,1978,4,87.48
USA,1979,1,91.40
USA,1979,2,94.46
USA,1979,3,96.45
USA,1979,4,98.24
USA,1980,1,100.00
USA,1980,2,101.64
USA,1980,3,104.43
USA,1980,4,104.59
USA,1981,1,105.20
USA,1981,2,107.42
USA,1981,3,108.84
USA,1981,4,107.47
USA,1982,1,106.18
USA,1982,2,108.82
USA,1982,3,107.03
USA,1982,4,111.69
USA,1983,1,114.42
USA,1983,2,115.94
USA,1983,3,116.95
USA,1983,4,117.65
USA,1984,1,119.43
USA,1984,2,121.04
USA,1984,3,122.17
USA,1984,4,123.16
USA,1985,1,124.89
USA,1985,2,126.78
USA,1985,3,128.75
USA,1985,4,130.18
USA,1986,1,132.71
USA,1986,2,135.50
USA,1986,3,137.56
USA,1986,4,139.68
USA,1987,1,142.46
USA,1987,2,144.67
USA,1987,3,146.35
USA,1987,4,147.29
USA,1988,1,149.59
USA,1988,2,152.58
USA,1988,3,154.16
USA,1988,4,155.58
USA,1989,1,157.39
USA,1989,2,159.55
USA,1989,3,162.96
USA,1989,4,164.31
USA,1990,1,165.24
USA,1990,2,165.92
USA,1990,3,166.95
USA,1990,4,166.30
USA,1991,1,167.67
USA,1991,2,168.79
USA,1991,3,169.12
USA,1991,4,171.49
USA,1992,1,172.81
USA,1992,2,172.77
USA,1992,3,174.74
USA,1992,4,175.62
USA,1993,1,175.70
USA,1993,2,177.38
USA,1993,3,178.82
USA,1993,4,180.28
USA,1994,1,181.41
USA,1994,2,182.49
USA,1994,3,183.25
USA,1994,4,183.10
USA,1995,1,184.05
USA,1995,2,187.08
USA,1995,3,189.96
USA,1995,4,191.43
USA,1996,1,193.57
USA,1996,2,193.89
USA,1996,3,194.75
USA,1996,4,196.27
USA,1997,1,197.90
USA,1997,2,199.53
USA,1997,3,202.24
USA,1997,4,204.88
USA,1998,1,207.95
USA,1998,2,209.80
USA,1998,3,212.74
USA,1998,4,215.25
USA,1999,1,217.52
USA,1999,2,220.42
USA,1999,3,223.55
USA,1999,4,225.85
USA,2000,1,230.18
USA,2000,2,233.92
USA,2000,3,238.19
USA,2000,4,241.84
USA,2001,1,247.82
USA,2001,2,251.98
USA,2001,3,255.88
USA,2001,4,259.05
USA,2002,1,262.77
USA,2002,2,267.25
USA,2002,3,272.55
USA,2002,4,276.42
USA,2003,1,279.78
USA,2003,2,283.20
USA,2003,3,287.57
USA,2003,4,295.71
USA,2004,1,300.36
USA,2004,2,307.69
USA,2004,3,319.41
USA,2004,4,326.26
USA,2005,1,333.73
USA,2005,2,344.42
USA,2005,3,354.90
USA,2005,4,362.93
USA,2006,1,368.69
USA,2006,2,372.46
USA,2006,3,375.53
USA,2006,4,379.36
USA,2007,1,380.78
USA,2007,2,380.53
USA,2007,3,376.28
USA,2007,4,375.07
USA,2008,1,372.32
USA,2008,2,362.93
USA,2008,3,351.49
USA,2008,4,348.25
USA,2009,1,350.83
USA,2009,2,341.63
USA,2009,3,332.72
USA,2009,4,330.19
USA,2010,1,326.25
USA,2010,2,323.28
USA,2010,3,326.43
USA,2010,4,324.11
USA,2011,1,315.11
USA,2011,2,309.58
USA,2011,3,311.89
USA,2011,4,313.32
USA,2012,1,310.04
USA,2012,2,308.63
USA,2012,3,312.75
USA,2012,4,315.19
USA,2013,1,316.77
USA,2013,2,321.61
USA,2013,3,326.24
USA,2013,4,328.85
USA,2014,1,331.58
USA,2014,2,337.99
USA,2014,3,342.90
USA,2014,4,345.67
USA,2015,1,349.48
USA,2015,2,355.16
USA,2015,3,360.20
USA,2015,4,363.12
USA,2016,1,366.46
USA,2016,2,373.33
USA,2016,3,379.98
USA,2016,4,382.94
USA,2017,1,385.74
USA,2017,2,394.37
USA,2017,3,400.46
USA,2017,4,403.79
USA,2018,1,409.47
USA,2018,2,417.04
USA,2018,3,422.12
USA,2018,4,423.58
USA,2019,1,428.30
USA,2019,2,435.43
USA,2019,3,440.98
USA,2019,4,444.90
USA,2020,1,450.06
USA,2020,2,454.53
USA,2020,3,462.47
USA,2020,4,472.64
USA,2021,1,483.97
USA,2021,2,510.90
USA,2021,3,539.37
USA,2021,4,558.02
USA,2022,1,578.63
USA,2022,2,618.03
USA,2022,3,628.55
USA,2022,4,623.66
